{
    "+libraries": [
        {
            "name": "net.minecraft:launchwrapper:1.9"
        },
        {
            "name": "org.ow2.asm:asm-all:4.1"
        },
        {
            "MMC-absoluteUrl": "http://dl.liteloader.com/versions/com/mumfrey/liteloader/1.7.10/liteloader-1.7.10_03.jar",
            "MMC-depend": "hard",
            "insert": "prepend",
            "name": "com.mumfrey:liteloader:1.7.10_03"
        }
    ],
    "+tweakers": [
        "com.mumfrey.liteloader.launch.LiteLoaderTweaker"
    ],
    "fileId": "com.mumfrey.liteloader",
    "mainClass": "net.minecraft.launchwrapper.Launch",
    "mcVersion": "1.7.10",
    "name": "LiteLoader",
    "order": 10,
    "version": "1.7.10_03"
}
